Feature_1,Feature_2,Feature_3,Feature_4,Feature_5,Feature_6,Feature_7,Feature_8,Feature_9,Feature_10,Feature_11,Feature_12,Target
-12.222644734389608,-12.862026470834152,-19.812826552837393,0.23886822686508857,-5.604076185671753,-22.898432451995923,-2.4818685217054264,-4.929513960915205,-14.353433882499818,-7.4283524987334575,-9.636394527184825,-9.88986170958718,-516.5782587349598
-9.394832454021484,-12.552979547998063,-0.2264210853105384,-11.779376254350511,2.776367456374649,-5.62074992693266,-10.775382918498579,-0.8226937645464973,1.8271620771574248,1.2642537776974017,-9.339003072343054,-10.862721494193199,-334.66226220613424
-23.56052222959022,-10.177327835142968,-1.6950575845329103,-0.14107863217621697,-0.975174631379688,-9.778886140338688,-0.006537256525239954,-9.288187445535698,-17.119300774979582,-17.43380675636593,-8.94463276601397,-7.398668830345513,-145.92804165687704
-12.528758294449842,-15.591109195963194,0.50993622306438,-9.513234961448358,2.88133872367503,-9.629674988948226,-13.231557468026475,-5.446808663388785,-11.747462804557143,-12.235509145967459,-11.760658579338529,-6.090885693307801,-500.33253119035345
-0.9343630790390218,-12.48973101955668,-1.7700369132549003,-12.668979794194158,-7.852080591961014,-11.63131588209858,-5.097609702520925,-7.662995659148013,-20.17657043207473,2.391675502464839,-10.054705687860594,-8.296785760744289,-468.10629656819276
-3.5069150809982457,-1.994223758151648,10.92537228555538,-2.1881533675904477,-12.816372217204894,-15.597994955240592,-3.0176366568329396,-13.903876854067084,-4.696844414724013,-1.1568598838451143,-10.326221949017263,-6.973384183337934,407.608889285511
-8.114460179507153,-0.3990424019344001,-26.62305035984175,-2.7061973919562003,0.7096251671590319,12.214892500394583,-0.48726412381455386,-8.524560990140413,-15.043724174671205,-3.3928080195357575,-9.027293348474307,-1.263350194498173,-55.68797736522039
-7.285655447610694,-13.291870824903489,-10.834764390735305,0.5482548882633029,-3.4705345273956025,-12.110411649101898,-12.699177919680885,-11.050253245482946,-15.208348976126096,-6.311683180753612,-9.396074182809548,-1.9784276358122135,-258.3934524185195
-21.601335245504583,-12.425843968221304,1.089630889099137,-2.90249036037761,3.1423526015190406,-10.449611550693565,-6.236726524518531,-13.991230324235477,-0.6471030703139213,-6.393186609965705,-9.681127617367798,-13.872811649529147,315.2850700196867
-0.5608720974832835,-15.15655175329013,-11.485729841797555,-8.455313910331645,-4.667527453076184,3.6792369486419627,0.40461441950037047,-13.269145364596323,-8.251262248172186,-2.716648147261865,-10.845979079205009,-3.765845796528837,261.1017058854084
-14.195171668093472,-7.718370930577637,-6.451361445970562,-0.5723740425550767,0.5003635690436012,-14.275052204277628,-0.2064370492948946,-24.6329783641451,-3.6186926338531933,-6.076717781745558,-9.746238079998491,-9.716460194282387,796.5203784600881
-7.084297686758399,-13.664534755094987,-2.804200820179645,-3.818756265750308,-3.8491200581249845,8.602166506979213,-1.8368131686436318,-5.393938371209144,-25.370903067993975,-17.994158256372657,-10.89549445729885,-3.52804712703338,-373.33997518055503
-11.13513945228955,-13.530756964068145,-11.876062107726845,1.7388910190248854,-6.223667217299684,-23.878103399752106,-7.678648109134588,-4.910531651958222,-9.847794423873054,-10.800671361292805,-8.36113366155348,-9.107438031646096,-437.88057633538637
2.161037366412426,-1.400245514459761,-7.849769105073115,2.24162269996045,-8.883941790078618,-12.607556835412014,-7.957224450558142,-4.560254257152927,1.4450179389932458,-21.341693191448748,-9.889268636929733,-8.947131023997136,19.45626496748276
-9.528558583981997,-5.65532541320351,0.12077311282842107,-2.7998721753932085,3.2807433078372767,-14.777553530272677,2.051431185330717,-3.5997483008455267,-11.710949502635195,-14.771828701576286,-9.656570691824585,-18.189301411720823,-285.4655260909355
-20.681692990809474,-13.318670464361155,-0.9028628744667824,-0.0587568023569256,4.659770614261694,-10.780292427073586,-0.09008349658889303,-13.46613942066016,-16.315129536957052,-3.218144779995737,-8.22637268472048,-7.452955464391032,23.546793805210367
-1.6477898042012757,-9.392735170593362,-6.830983946088703,6.634811452462628,-8.168387431029128,-15.327765535903454,-0.40685849875469327,-13.319621181039418,-1.1935847022654187,-4.358592982154596,-10.786455239276263,-17.80687144784121,475.6242596976093
-13.358693653599016,-6.917621045761926,-6.7818092836021355,-7.27095925843776,-0.9198003930940079,-3.5082625534150935,1.1559583694110716,1.9446644554026982,-9.714218708101525,-4.036665424683023,-10.752683927897353,-1.2452965241720726,-495.6709823167241
-1.1784579886815436,-13.289017793501039,-0.13376886695432066,-6.608595388356477,-2.4412003279966847,-24.028089928728217,-6.826782204102894,-1.3442802399340543,-2.5960549579021324,-7.650002937754611,-11.275488870462041,-17.904967764763875,-434.92233056640003
-9.905555333076176,5.953166981919326,-8.071567577001403,-3.1954174048328525,1.3056043892802456,-3.556717307131417,-10.121465327577493,-6.379555236256749,-24.96859595103949,-9.278246701327811,-10.54740921637522,4.5391131420474355,-569.9649226676685
-3.4866552635674157,-3.5212382078756033,-3.832939249442272,-14.767683209929674,7.924236616557925,-13.77030978065818,0.8347695826814441,-10.82445744345824,2.1893101615068336,-12.896438103969235,-10.75703132603384,-7.611798078630272,174.2154988814654
-23.746871364958388,-18.449041696077764,7.920754340451577,-13.381480005731852,-2.7378553720523597,-15.25336551190492,-0.47127497672985985,-2.8064180664407097,-13.29372226922171,3.210967505503678,-9.08721025113304,-16.7136369325083,-523.5976319410186
-7.009932054729581,-19.603434947062688,3.1355723040255885,-5.708267917233746,-2.316896903925294,-16.663807498351996,0.03371093102117584,-3.61151273796008,5.584531551401378,-12.351638774963751,-11.932808156121897,-7.726490830377949,23.104361078087845
-7.2022306575349635,-12.43966905623937,-14.59000386518601,-6.889708268974226,-1.3242460594146666,-2.418818574190574,2.2919745163945207,-12.419200608648428,-16.682790306602588,-3.756738557514173,-8.916395343074408,-11.437504960171854,-14.605448073019828
-12.890488023128094,-8.26649106564098,3.5022990051752227,-9.8112221837838,-0.3665248871626918,-29.179486800951622,-4.8633445246801,-9.104961946124483,-16.76119278548534,-9.866796045810172,-9.596736164224573,-34.34267317511765,-448.51888598714515
-2.1312802981494956,-9.098579146687847,7.240493872544734,6.193056499170268,-1.1918767161023631,-16.188514516987823,2.4982508816101863,-12.288136574162445,-10.575087029805955,-14.491975752055774,-9.367952596490984,-12.526520062430441,293.07579242196095
-21.02136691344728,-0.6734930375494699,5.335505487306678,-0.23717818744082386,-5.732337729306466,-8.129055645727103,-2.8975414740724146,-12.530631804895044,-15.033809479659752,-24.102473897877008,-9.867840295878631,-2.1178495893908984,109.35101496024168
-30.765605018357437,-2.4532465422280234,-0.3394782697585166,-0.9923417214243329,-7.027235586395628,-6.610043449900994,-0.6312429739601493,-8.012975766291536,-1.843970719618377,-1.290308474718147,-10.021039392785138,-7.251822332731412,198.5876955509925
-12.22872283760794,-19.029438950676152,8.443275992001068,-4.286193051372473,-0.22808050179023653,-1.8276458108374243,-0.9062063245044563,-2.4937089659603684,-5.528726562623506,-22.580992793147637,-10.927034044608142,-6.711141954232462,-114.88208622350147
-18.00198256051032,-11.497098469584412,-13.33702523180311,-7.978236047393112,1.580060210452535,9.419145708627706,-8.034488191974507,-10.750028677137276,-10.829516690369257,-4.775379464241736,-11.30757337638475,-4.664201263169611,-34.66157574287719
-9.92968813447702,-2.276217975488546,-5.8862278959917145,-4.072937027776887,-13.331353000627107,-8.131001935212481,1.0512377797978463,-9.516653156151282,-6.914603500727802,-19.530179118955928,-9.689451316043444,3.326674397193351,148.54674177805623
-10.61188168255003,-13.302360654509584,-27.362678878337857,-5.412618615446636,-8.170055092931861,-12.64546925583406,-1.26866586829679,-8.017302238648519,0.06941245010805375,-16.244319588867167,-8.563956851172133,-12.078784390005755,-25.692545366970272
-11.619409657140542,-11.669565584968542,5.954415317759615,-10.382953632151356,-4.830849300997224,-4.140379725733737,-6.563734279026017,-8.07655405031365,-29.443149224119658,-3.1187505839203746,-11.578297553469023,0.9379354014084367,-580.2680034122884
-7.225188002512203,-8.40125857110387,-9.444039818787774,-11.775646834086302,-0.9415002363567853,-7.184673016602739,0.6178055468510988,-11.929869825376398,-12.593858087561273,-11.043799223738418,-9.875558811611992,-2.409336196792135,-40.60268154877263
-14.256470833610368,-10.227388192722131,1.0100741296007492,-11.59206618082568,8.745337896603196,-11.2728148340383,-4.770451035429797,1.6940628493048226,-10.516371529802493,-12.759379627371672,-7.730408760093571,-18.37052899242044,-708.675559420749
-9.341406012832955,4.9991266115764095,16.396120795896444,-4.922012885442633,-5.827948032865002,-7.552804767292571,-7.514805075077337,-12.898915278420478,5.027702409537719,-2.7200256717631603,-11.068855256881692,6.142112789960475,565.4914428290365
-20.54670791280845,-19.52940934293852,2.418613231927056,-4.116085374889282,-4.185607180875805,-5.13287309325824,1.7912669884868917,1.3433935774457346,-14.657955706239633,-6.580801829984523,-8.839196699549928,-14.540968874123568,-519.4291691818672
7.824834927510619,3.467042047120545,-7.769889975729414,-10.198465832003713,0.2083888922564472,-25.689604659412637,-1.3589978093974215,-9.207905110999995,1.8874462220885508,-12.65388528585211,-9.688359895193662,-10.621840968110455,54.047512661586346
-0.7327326846813769,-9.260068310563558,-3.864175835013212,-5.697589369375258,-13.88142392268977,-15.259921009375692,-2.0161523945873845,-18.85541617132916,-5.3097957980871024,-15.116484092964367,-8.448369469535962,7.220392610103792,477.02376905610447
-14.335629430894745,-9.998782305731988,-6.487301196741205,4.591719908042245,-2.8005695522097174,-4.517919052163858,-3.889626902300149,-11.820367268373925,4.944414135718144,-15.673814746344048,-9.43651741866098,-20.750279577629424,538.5865879384398
5.819094273820308,-11.730732557813953,-11.582772427749195,3.5829427247542416,-7.809403097583958,0.02905515245454815,-6.599351148312845,-5.273875642305932,-31.724735838611483,-1.0430532314243077,-10.439707821746149,-13.21160686586103,-591.4422996386999
2.5790192432314534,-6.174958793004267,-21.82589798396839,-3.111365625821469,-5.115834027130764,-10.249400158989896,0.08669571530532671,-4.474781328642843,-0.2992790037064381,-1.1270974983939803,-9.339936108086999,2.0783142230243445,-66.78499956182985
-4.911485637148904,-4.757594835308203,-16.48296140207536,-2.3766984105159397,-5.524472561612697,-22.561114647206598,-0.01993874952849728,-7.466185480489826,11.30734987900546,-3.9110870963404487,-10.123885797533525,-4.980564703896947,248.51064588751925
-29.054663744919942,-4.2011634194461545,-3.751297845217139,1.7723171339625248,3.682633428948451,-20.498765858084493,-3.3975970441431995,-3.457318424483569,-0.14123007326010928,-9.820531066434192,-9.380351112925396,-2.973237824480659,-187.00772002978601
-15.619819479003688,-14.486554308606474,-12.730354213417709,-15.82254616607966,-12.810839325669157,-21.670879585913788,-3.4209919293524917,-13.207425848669256,-13.13483183510888,3.948831997667602,-10.885600766631018,-7.133632590034631,-255.1351124882828
-0.430603408667281,-11.69311991113814,-1.860586595953503,-10.494088077373972,13.16755973695705,-1.77664488743555,1.7363818800883353,-0.4929517090985698,-11.69234176450567,-7.781248094025205,-8.295902673728268,-12.520293900850257,-446.55204558937936
-4.143634577228483,-2.7057358097695436,-15.25597185827539,-7.634168337304654,2.8280898335188507,-20.309738520596955,0.5095809210986042,-7.991840459028074,-23.115493595074597,10.353450378910583,-9.403678768190655,-6.551088620706284,-570.8160868009938
-11.141867444161466,-8.012794681930906,-16.822375985902,-11.425042663736518,-1.067853722124849,-6.282450797306007,-0.25048540622331705,-14.646300076967862,-4.7815177658075045,-9.246645935619627,-10.596103659575986,6.995343206878051,199.28202009134057
-0.8930105657981819,-15.06068939645561,0.1298223403366281,-6.713670861383543,-8.978968257883054,-12.891540182765267,0.13008568124864928,-5.541313311342612,-3.5723098525189947,1.8436889749853211,-11.226940241867483,-16.070487611225346,-34.127127284371554
-4.371239187233655,-7.303509523782723,11.786016332173709,-0.17429544845369005,-2.8242591470629224,-23.316132093919276,-1.3790965083826532,-0.5312231429836594,-7.202242428178446,-24.371486860636843,-8.78183762168729,-18.251862041408017,-327.1307008750901
-16.10271345587948,-2.2380645635043113,4.787995787992008,-4.1978806627206975,3.5665317639111667,-10.788824263577117,-9.572367841358233,-13.958664361202132,-5.639598607268372,-5.689796551422652,-9.851821095544624,-3.7209554179639106,180.43590483054302
-4.091587746071566,-5.894620446642085,-16.308744079057895,-1.8679292742546805,9.873083503756263,-21.15835307252786,-2.458395763521704,-8.181367315920573,-24.695922643724533,-8.211547078416283,-12.35349374991079,2.368403913589532,-630.7332076373929
-15.62017002488291,-6.105042033516602,-24.99919257140196,-15.341851467375346,0.1342566473924538,5.484778076502803,-4.40243444548705,-8.686504098631591,-2.8362310918412312,-0.1811650522721706,-9.967445332542008,-8.713384992796351,-58.681689211689815
-8.067549303508168,-2.7424600298573036,-19.395933467074606,-10.52598309208521,-0.3593670812640217,-5.808007062426782,-0.28916382201699253,-4.687686753769075,-0.6392821057345532,-5.242125809996331,-10.286774603664217,-8.209344496195436,-116.45832617882294
-12.822318926231054,1.8130280959580318,-14.220322057590002,-0.9432647486086427,-3.0162766317648346,-18.176737053867313,-6.499528591989806,-8.01540021482201,-7.103172604814214,-10.952234394312411,-9.122999672786126,-9.516896254054409,-174.15239970742516
-6.519322532134883,-9.313381454906985,3.539946257883855,1.458328463101279,0.6321010099385007,-5.587275318984961,-3.2725895469626867,0.9807323707613467,-14.279247381096187,-4.474706300358821,-9.703712622003815,-16.53097266246381,-461.0049515418406
-5.938416721698371,-6.194193487960957,8.595685893525454,0.769134705768562,3.827031405468051,-23.40993377361636,-7.252418683746955,-6.210243679440922,-8.895785531857856,0.10035980829197833,-10.073050089897526,-4.391106729164729,-245.72937375386897
-9.327142796181203,-8.229253003151598,-7.758370611127975,-3.808497046487254,3.7056716794358557,-5.306980622908482,-1.2925679774463115,-17.15929883622156,0.8567257274675875,-7.288476119093953,-10.788797548271269,-5.393666892435495,577.6076660129646
-2.5567768701076474,-6.097506108520669,-6.065216625354618,-6.24977963060883,10.822019509257908,-4.938134456606777,-0.6281714607383768,-5.3738562579461275,-10.740761969171876,-17.24770547966086,-8.932837730605828,-20.535809300052307,-219.1861706377892
-11.724861005243817,-11.732186293593955,-3.760227424617174,-3.827183348717143,3.7647210413187375,-10.602176323744404,4.360779384271558,-11.373883457989969,-14.25634277177422,-9.39180581489376,-8.048854275949308,-11.948237920414147,17.705826398087325
-2.4803446009623142,-12.546005660302884,2.170237439586538,-8.812929119997502,2.3401661970805097,-16.20767318890948,-4.539462811871617,-4.215776053275096,-10.430740972556936,6.238033941008553,-10.461257492536268,-18.04839875632646,-406.18002305441394
-29.119988909370676,-13.204455953713016,-0.5549423832638505,-9.879241519105697,-6.712008240813624,-12.029016093601992,-6.597284877026489,2.3308215177404232,-12.589918928179898,-9.63619822771075,-9.752423057752845,-8.603036652662556,-794.333181636933
-3.294263313377839,-16.993088437320157,-21.256729266074068,-4.491226487222693,-1.5536474680037098,-16.054372904188444,-2.8784532626448884,1.476573063868642,-16.14269604147405,-4.525988462836535,-7.757106811480087,-7.402912232780209,-864.5967538808609
-14.377705093016896,-13.976841842297508,-6.228750731511718,-3.8228070136450363,3.0540260703039843,-7.729605506941941,-2.2008131216808784,-9.973745132131368,-22.89014369831784,-3.8300477696031843,-8.163293682510355,-6.088563524880154,-343.83371649952744
-3.3206539049000297,-5.285486973019075,-2.2538605721462406,-0.727207853769305,5.41654272264936,3.3190826861164453,-2.727985900391987,-9.508763588895295,6.163379248880444,-10.239639579713202,-10.279047157279877,-5.9395179265268965,505.85228267705355
-9.292518858519914,-16.475574278250072,-15.053708720598648,-6.4066173532157755,-4.53175929416501,-6.174966967975206,1.182672719214641,-20.516586639859042,4.370006963151006,-19.028118831911204,-11.342396484279702,2.1015543333071385,766.8924739212395
-6.799070322346466,-6.27805532632053,4.5925684212150735,3.1598226083992182,11.742692870622621,-6.049917433726016,-7.976907984382801,-23.18880229525473,-5.003894619264555,-10.418181563238765,-9.578173388210887,-9.549246131008207,746.6397327275337
1.9050643106534082,-12.890424555308227,-9.04576918360842,-0.26730665087243155,-1.543966633892894,-3.649313047177764,-0.44004563455433576,-11.54374223156578,-8.207190429862727,7.274083466636949,-8.19990427610825,5.5953577355056066,202.92538803336257
-18.775322713939858,-10.318855136984226,-5.668812762780016,3.4478331670681133,9.93349358311966,0.05316574894599313,-4.718174564754394,-5.2249045521683755,-3.613742112335574,-7.359875645535961,-8.59577310693595,-13.882048385407805,-2.031288431800797
-5.558436112469448,-10.139218811326037,-24.434752024000275,-10.616655419045255,2.633392568151138,-4.65944808319588,8.262098265149618,1.2752447409906313,6.486467421698457,-10.322807745916247,-10.263521542612695,-2.76717709861538,-153.26338499322986
-17.915424822078478,-5.084597055948239,-23.357387638309056,6.953869786570827,-1.2836990073622625,-0.03681897360424102,-2.5729853051979683,-8.125860847367365,-1.491347228998258,-12.222423577816315,-11.336153308822695,0.4104349356751751,192.43426391687055
-5.612663634441808,-15.29039908823691,-3.251729964282941,-0.7100328553005832,-0.8454010425654517,-9.325042804684283,2.6136711384199645,4.743970322968789,-10.980211064636983,-3.5756372808852497,-9.716508319628696,-18.31306466960423,-578.4881566566196
8.753374477819598,-3.3409237327897845,1.3678172882619002,-2.0918447244028004,5.028750511977739,-12.541067875876747,-5.573347707928281,-2.018086094242028,-8.305396652370435,-11.23280896741574,-10.556754251441445,-6.6201181608664434,-329.2374198235702
-9.967107610753894,0.9293537898867239,-1.1698998021077038,-0.7071313491777804,3.549584066111829,-16.052071605492834,-4.651153086218539,5.253308452100157,-13.713698748847762,4.834064174202725,-11.324000209667219,-11.808791443978485,-813.8362354921221
-6.7365955482426365,-9.886245237384266,-0.1059390101644988,-2.911696957129295,1.2952045849135008,-17.676435435599515,6.94608480003143,-4.261959868094102,-31.03826160613654,-13.099387944752038,-11.587687380794046,-16.326067828993413,-656.2094703073033
-19.454209992521445,-13.91021613379475,-0.4887162496197419,-17.598189970837133,3.9915196630160974,-6.912104322753546,1.948052797618538,-11.304645709694558,-15.513600365749735,-13.183000478068765,-10.129692846767542,-11.221895275327068,-183.91158363171934
-19.048416136573948,-14.559657192300312,-11.509262490235091,-6.87395945664781,-12.868863694368612,-15.79178627416377,-2.2438576097633227,-6.759701675075775,-12.765698415120198,3.638836195496978,-10.879588752248429,-6.8974908527239105,-349.3719899994016
-7.6830793927617815,-9.217990635835053,-2.2676873092198937,-3.4982804328812493,-10.371073184682546,-16.952070172570536,0.12289527365020403,-6.3745590342535285,-0.8490951259814992,-8.871794754506288,-10.862467008034626,-12.818263289325383,60.056791707713806
-17.183057406931205,-12.268465253440345,5.992885783180839,2.8794222529357043,-5.35798465728057,-21.631487188593866,-6.851316208956581,-2.7050656689197723,-5.57597437245509,-6.712653060543019,-9.306923963921314,-19.489461205399834,-282.8169573780958
-12.406760371802035,-12.704099493745822,8.104534588748175,-10.740476245580354,-13.451257264061088,1.8303239250445902,-5.628413805133162,-16.20109856860556,-3.3423570640479783,-18.366299041309592,-9.732040033001816,-16.7583459806309,516.7080365446473
-9.659376842678252,-11.401785095910043,-4.675773118874525,-1.4191809354746692,-4.305383196097919,3.178285120223654,-0.46526926571774174,-14.532527469468338,-2.7151387058888314,-10.337835352260772,-12.717880821302021,-12.158355871288435,550.8451080659455
-20.031007777972757,-19.782406021434774,-4.052823908306466,-1.1570682486941837,-8.47654747251674,-10.688204712223545,-2.2398633026715746,-10.920840738195386,-14.312830922597161,0.8631032039559656,-8.876256320197374,-4.981567165140828,-73.19770929243846
-14.248571864437618,-6.763919560750738,-19.053922013561298,-10.580194973468101,3.970802644103908,-26.65981981234324,-0.8978300006629061,-12.212987050356496,3.3840247554241056,-5.281713446798872,-10.684880457906244,-18.94924157300725,66.28479776485653
-16.726482267981066,-2.1183527100927986,-4.251171952574888,-4.586511937051262,-3.228917149713061,-7.1897958471717995,-7.245038582319834,-9.134120667597108,-4.531567185869877,-12.989010052397406,-10.036914903213782,-2.2727901660482726,24.347154979822495
-26.587717250094915,-7.033690688594495,-8.3301644101494,-1.2595310487140008,6.930228115089975,-4.003273880650703,-2.906847619881761,-6.976415435724903,-13.629211685551066,-10.877572945480805,-10.90505513353436,-18.676716327823794,-223.62343994024275
-23.059757740046084,-11.273767769114121,4.203195192929389,-6.716375681173461,-8.127182305720694,-12.81153825852073,-4.406546049588155,-7.395162083365754,-10.025844478817804,-19.097957405175308,-9.513615165382308,-9.156636315524176,-182.08110573590136
0.12915346373890024,-18.96099333792548,-15.770809524835132,-3.5697573508545215,-6.43596106690985,-12.138219207837665,-7.099154428877742,-3.638171571167697,-8.138656145697762,-14.262742232005726,-10.465226361820218,-11.449788324213129,-401.68522139460623
1.8786223639575184,-10.907815729475544,-8.990755205401285,-6.458828607143815,-0.5167317834901676,0.1040816679138441,-3.004878083566951,-1.4554415564525236,-13.017560976954297,-11.522363805753447,-8.162415894263411,1.4117998788860948,-435.96450794721926
-9.983377284683291,-9.993960042209697,-11.206769655612947,-11.505460003202012,-7.6743257576399735,-16.66795437579786,-2.7688037876707225,-1.3733709691786933,-4.9018666802164175,-10.730411811753171,-9.700378479199667,-2.761441015397354,-475.65539536516934
-18.476636216500644,-3.175112171908493,-3.379101847995699,-8.861422699857663,-4.123677929312924,-11.359025762596561,-4.977021761346748,-8.527472835138044,-17.50696435491927,-3.0410437441401594,-11.313592119721402,-10.243931670478798,-349.4819202278212
-6.0954245207115765,-12.414472463878989,0.15954652667473113,-18.660112592155887,2.7299732062750293,-6.465000426475496,-4.147052408137238,-11.871666329358161,-13.23791720748103,-2.1757589967948396,-10.289473870273163,-18.19853287938951,-155.8038241622114
-6.730045886080218,-5.3643000666385205,-15.13268779846567,-8.618079257815157,-4.889153264446469,-10.493571582105345,-7.182135377827745,-6.476672504184927,7.851506973960987,-5.448349647554506,-11.50669034651193,-2.839594641732724,62.85064104600004
-13.059939512905379,-7.650836490062148,-7.6506389721320005,-3.7024525086552424,-6.524818354676424,-20.74205290069576,-3.5010830211603254,-9.980301434915786,-25.301640459834516,-2.1164491674591774,-10.058939022412726,-10.447727869910526,-490.8492985056691
-8.367072906708861,-7.590169302808333,-1.2015851743320756,0.8012465652186567,-2.893796916442026,-20.8640796582823,-4.9997588097360435,-5.600997381935221,-14.074428096589724,1.060423979179216,-9.047582655670606,-19.436574591247496,-359.3567848125107
-5.687142173279821,-7.7393549007714775,-5.574369567897739,-17.618173251876257,-2.3197664907598243,-4.238077270890956,-2.152383243206244,-1.3829589928686357,-0.5481394227619418,-4.752546779351058,-10.116880894985105,-10.521592218623638,-279.4821000831553
-16.361724187149157,-13.57482699594509,-4.892321481826386,-8.834442863371335,-3.6005530774497956,-14.687171992286434,2.844156745208208,4.34925053502659,-11.71930277212472,9.241664509195758,-10.381964686450274,-10.242351399058952,-750.9677776933312
4.208503229273628,-20.125341629418664,13.032564199637616,11.304575189997927,0.19680486651218976,-11.274524356151465,-8.976034563331062,-6.94715801450797,-1.5385867556018464,-18.94582674691207,-11.303962431322333,-14.076119487210551,208.57612886147174
5.6168686783285775,-5.021857607250948,-8.254954915132362,-10.646889094144557,3.627297074021124,1.4146545047779817,-9.11324945135788,-5.813754238506661,-12.005936786322343,-1.553834951910365,-10.414629338695006,-12.390069293817474,-314.222840353196
-4.744163257207868,-3.266176552413593,4.231761367974212,-11.631034518532445,8.430406531442804,-7.2658283101373105,-3.6947600682742903,-18.33287169034793,-16.994672556009107,-13.80538660412346,-10.074018705946383,-5.438118035278579,149.5664158285493
2.1908861710301633,-13.645756213620258,0.6462890130337406,-4.470042875726834,7.8419253900796715,-6.272398448479393,-4.409367850045515,-14.439182426399192,-8.165234837448192,-7.44175343877102,-8.070045205452635,-9.398257131922481,228.57274118897337
-22.87777152581196,-6.987139134683226,-15.65512338173626,2.3369832390230574,4.305525242106745,-16.79379731964663,-0.8735895372241242,-5.756431195428879,-15.799986433757237,-15.684828807882806,-9.557758686827544,-16.92400577477807,-414.77958562138423
-27.62085324169702,-8.165357653012263,10.828362616271871,-7.892660341793192,6.475895941209009,8.100756434287327,1.0473023893965623,-3.770684752944933,-6.966036691391754,-12.462575998530564,-10.276594602365414,-6.234752411103214,-16.882944377140024
-15.595211555460603,-14.595681718802044,14.128481365669366,-3.310340896429401,-5.401103253919716,-11.79540809073561,4.779938877414227,-0.808622563957754,-5.054184698838143,-2.625049231095927,-9.724250953572618,-8.127390860794922,-122.8633921065215
-5.346779608121812,-6.886897141707789,-0.5121151546030971,-1.4958541667713132,-5.34584374590799,-14.748471650088387,0.8468392691118631,-7.060239710889029,-10.771514347451022,-6.6829053284074815,-8.422632586180322,-7.1587823688095575,-86.80307697593564
-42.614579158980895,-9.360988732216622,-9.359922630415209,-4.812888820465773,4.196342403006156,4.043923898333283,-9.196364340048031,-2.4560605852128177,-8.539673841747273,-0.9417962016014201,-10.49818484610838,-4.123382063512046,-420.73861058303413
-4.419222469701147,-9.286008213422685,-18.81140797299555,-9.36550785411604,6.503009576645807,-2.998326555345831,-4.9902838761718975,-10.388699309658048,-8.420794901041992,-6.400134668564351,-10.321746033678528,-14.701662529771298,-100.66891414078752
-1.6276272128207978,-15.235250685500086,2.069559211259481,1.9564779420212162,-2.159090669087168,-6.338791918892108,-4.0975657722159635,-10.278157668167118,-11.70703938515329,-1.7671191478399937,-10.4282435197673,-3.83615013181916,70.53689653659484
7.368340771287571,-4.073663257332635,-5.2321437730424885,-2.54484977393711,-0.5413154640556026,-11.538728813032161,-4.16182708995167,-13.296997039342065,-3.709342147188009,-6.959022831280541,-10.385356114366004,-15.505159969829384,299.2696729680849
3.261048818798665,-9.642207485135506,-16.468412736143982,-15.102664336521627,2.3288900936603216,-5.034268943523612,-3.9288366022381167,-6.858858013969228,-13.358517234788618,-4.253597740271273,-9.650767140763856,1.5704651356680053,-418.1953577179067
-1.6527308439806792,-18.929710390526388,-15.146127314204175,-2.331262831938763,-3.075050346105903,-4.944019746383223,-7.104510437067192,-4.154527590687698,-5.692788940478531,-1.9672650648200465,-9.418964172542285,-1.793872422953818,-262.4591006851348
-8.368570306015716,-11.074740872534754,0.5591405053499665,-3.775110690645784,2.6328017328101474,-6.367291871316514,-1.2318132197896394,-2.9993130997882123,-5.429258468085123,-13.85080665509903,-9.199683753424543,-13.022747564938264,-159.39619921199133
-9.812057909707914,-5.65587929725801,-26.440372327546797,-2.505591427687012,1.1500353287996004,-1.6236184839632788,-6.404704921116926,-5.4690286721800545,-22.68352619715439,-12.825669925209056,-10.049444685154084,0.08295018314947455,-611.6017113637871
-14.278534716374542,-11.531316625709005,-11.615040313358858,-3.0924084593562062,0.3954872510789911,-11.25058952417444,-6.096872377002065,-12.669588293475893,-9.373761072052266,-23.16846572497713,-10.013259500467324,-17.857629697300275,3.218528501942239
10.616115026334949,-7.972532818768972,-10.861485645348342,-4.509682387844519,2.31769364254833,-17.32175643589987,-1.4127787051391516,-6.8401007604338595,-13.852435639329746,-15.788632068906896,-10.809748045609549,-3.143735844953394,-328.43996691752517
-25.35368225804575,-13.352677317259785,-11.766008310075364,-3.3368595669072803,-4.477795247033652,-5.811734633442843,-5.7851784637878065,-5.050771550368626,-1.7726266106672321,-4.73145213328811,-10.593743882017641,-28.757382684010793,-108.53140380466944
-6.721725045792093,-21.316052853344,-11.753802498684408,-3.3263619348628826,-2.4495765195981742,-7.44994349060553,-8.516021876149454,-11.818807124758596,-13.527703166593202,-4.2271392684277185,-9.228039333330653,-0.504667529821476,-154.31388233087714
-7.594353263030069,-9.662948283939334,-4.30199839383477,-2.5981541617735258,0.7307812381090479,-10.65882641360984,-6.340208066364021,-10.540751385628779,-15.307267437348056,-2.904971029676041,-10.329818434343336,-16.88107977677936,-165.92836141043213
-10.387108457667784,-15.528235725208908,-2.0086438053180062,-10.180373193460778,7.240080884780928,-17.266196488839427,-0.3878992665412184,-12.998595976369105,-19.222821931278286,1.5864864884911718,-10.737175279854192,-6.588260678607348,-255.12175860607383
-2.7729077092691243,-1.2027365600982804,-11.44404853255904,-13.03656799562317,-4.724694521399728,-9.967890409987866,-3.2749389702711373,1.9920774263415133,-4.64419585585884,4.7126136757516885,-9.618910296375688,-15.618831441762104,-542.2097116053139
-3.1485732418754777,-3.5990065142661365,1.249990840791373,-8.298959834046716,-2.995492437457849,-0.21141943678360597,0.5303385753424386,-6.577300933908509,-6.423127180510143,-9.115214862870248,-8.8413300685815,-4.765245783170212,66.9113755182621
-3.668918535873729,-10.63010327140815,-14.423443733064557,-14.237555515516227,4.858766530112118,7.074099358874406,-2.6142854190477216,-16.269225445909782,-11.693468145817368,-5.163511538857296,-10.262413237711161,-9.610941589106261,196.09269117286868
-2.123625491575403,-11.137957616464693,-9.235374090142916,-2.5382447041089087,-5.636216855418718,-15.961444531342188,-4.299266202462876,-10.318255810205962,-17.28038977236215,-26.939595938663874,-9.126820580077649,3.4604890762560707,-258.8024487022084
-6.404644101258759,-9.302653181072237,2.0433717393620796,-1.1055379311424374,2.366329553045829,-7.103391762548041,-0.8113378624033825,-5.602640654053976,-19.927247441764635,-13.41124676327182,-9.322633357243664,-4.84805543006545,-330.250055915137
-24.701543492579066,-2.373883032033139,0.6385974429416317,2.613432782253528,-1.2285241749240805,1.034197924628197,-0.7792101899864536,-3.002115878088147,-9.640771793651593,-2.215649554667845,-10.738592492701766,2.2308516153706694,-103.04735848020113
-1.4579971240947103,-11.45011623312223,-11.165222400252972,-7.37318203141399,-0.8537739750702198,-11.095533245324992,-1.3239607908708622,-5.052079289727194,-2.83459736007819,-4.505354347786316,-9.665254172074594,-0.10974242705906789,-157.98596222394437
-19.398877063193446,-9.308757114321491,-19.497120389030687,-2.1679771631669276,1.62840521213589,-10.974360405480803,-0.04513318174169667,-10.82978628411959,-11.01085287349437,-0.7070181204614361,-8.961345337342733,-14.788163449754533,-73.06745751663422
-6.164701893474291,-2.873921787390265,-7.055846856903434,2.8565027467984354,3.947357488199911,-10.622442544445574,0.7985703996908811,-7.693422506087307,-10.463413567330704,-6.154854191068026,-11.60178981879302,-8.815789289618593,-18.680334730752314
-16.872314581620465,2.5440887951667683,-11.643359360735888,-5.8800790714450955,-9.559809696930039,-0.0399224999750416,-2.3525138097923026,-15.980095046140367,-2.20196644393545,3.0048524861157553,-10.929155038252757,-24.768058165912905,533.8162561658022
-4.178365854019332,-9.423416025087208,5.361865087090921,2.044252316176377,-6.26320558425953,-9.89582903190789,-5.282724106907628,0.7612555991947314,-1.5726816442343008,3.4127720199665195,-10.886559881158227,0.9369470997259004,-200.89371355727317
-11.417003119561832,-10.79636480314586,-10.074216795963636,-7.406373970119096,-8.581101022516572,-17.46597495547453,-7.09124448497856,-11.745034838172222,-18.258240072071175,-17.448244570652072,-9.181165632620942,-16.861452660205448,-324.67831491852036
-15.147073793799425,-10.436293010350692,-3.947128902940842,-8.439231320958015,12.055502000020065,-20.141720800390594,1.3039622185281825,-2.9854981984509186,-10.213414508358039,5.134076786507654,-10.250544251026506,3.245828618607682,-517.6553559951727
0.3687052607873138,-10.959178140178826,6.416850714649742,-5.723119413930298,-0.1943461121658655,3.906050483313308,-1.017380556317722,-11.841755564554855,-11.190449550492271,-24.695687980886436,-12.027318456559147,-11.785524307744101,250.53732640944645
-13.560114431559512,-8.34921766616149,-9.077072891812694,-6.3059093802477495,-6.210408417849489,-9.144825411982485,0.38733457770739443,-4.147610967706983,-17.72408840843758,-13.434902997215303,-9.053952967553386,-6.321367928044573,-451.465334729839
-1.0420225576616602,-9.188734290842048,6.610253033040161,-0.5146635147314669,-7.277429935930851,-7.256164108777165,0.9650328618927388,-0.689999021902735,-6.060777769766201,-5.435721257993048,-9.852888779823841,-8.598772776387445,-122.77825310698866
-2.9782001958046598,-10.169548383182596,-8.363267942362132,-9.954814936330118,2.7098283090986266,-9.4537386570189,-5.9045883366283265,-14.117330382826113,-11.358064682923194,-33.60554388617288,-10.589007622562423,1.5953517958204877,-21.51809739419126
2.630779896571619,-6.025745218710577,-8.72358288270685,-12.932929484974604,4.070217732024394,-5.119547024684802,2.0223375071796577,-11.552915416713066,-3.7214620904417046,-11.927082252095335,-10.903172128186696,-11.193188402177682,189.6840679001091
4.426096543065979,-7.4771029508241575,-0.6260347172957736,-9.169044170609828,3.661027691756675,-13.64284219960682,0.06661048621358212,-9.328299205175878,8.572247868080513,-12.766135352471832,-10.23538066224594,-3.113116103908416,348.1781022493897
-16.61650080481065,-4.956053959557531,-6.631660201715311,-8.36751633861398,1.9685788413422323,1.2751928698791382,-5.03290348090698,-10.194613958086642,-24.136714348522332,-9.701986867502118,-10.561454129513255,-10.100473799267654,-339.93740975530085
-25.940116109488102,-11.62780834312113,-0.07808788960103374,-6.1427931868357035,-9.903845327920497,-5.233890674348546,-1.3512955090770091,-11.819821425945225,-10.844266347464114,-5.411941454219093,-11.428687032938852,-20.048580242805762,108.07733677950237
-9.971188440950353,-1.4035475571038232,-9.820000409070735,-8.493439733021408,-4.533821198685958,-11.278420345555046,1.9086817290052087,-4.973349496062345,-15.673395833038587,-22.32657718189764,-11.00624911755805,9.24556542400892,-392.9428882123617
-26.25967584219257,-8.301232635546125,11.799419235467603,1.6063994418453742,0.5020953411844253,-29.415708071048275,-4.8341236531073095,-4.761580578566122,-16.358890860621734,-17.692079746830977,-9.274082878580298,-11.212417452902079,-502.95161472984375
2.673886280930054,-1.8251219173534494,3.5478592978605743,2.4056290067694936,-0.013395814895741154,-21.34777403845329,-5.94076265325311,-8.263744154972343,-3.395650606393212,-12.35932700069149,-10.476485757351675,-9.594142558229981,56.74758797224551
-5.161528089956827,-17.159705593934905,-3.9730859632163975,2.511115532508036,-1.0772757335178271,-6.495975274763312,4.153478246793774,-14.632873031990194,-5.320765932389795,-15.862255380805296,-9.866349810334372,-21.017944825763855,506.3550035484073
-1.5996835001782337,-11.981966721694567,-17.269385212116447,-2.3859090204777478,-2.6514619630006684,0.30753451448357616,-2.814117360566249,-17.50778768668353,-14.748761290291053,-1.1968412937744954,-9.35956837516282,-8.6155927901087,260.8289740275079
-12.516061169635988,-11.657734275071753,4.5616255740402405,-8.012427483289775,6.521035882527154,2.618643008726359,-2.883190730983708,-10.427936820881627,-5.2335523484544275,-10.291638240378157,-11.402064695696698,-16.215661268369665,197.26798690731184
-18.16168430240288,-9.097737881053542,-0.757230251784188,-4.284211582933753,1.1947309531841896,-11.683577992060675,-0.5262186658735426,-4.23020861748923,-9.828452412495311,-8.71066700901582,-10.421683593131236,-17.42814768352583,-262.3910231201903
-14.166452195881133,-13.37025606762099,-3.7144489797301716,2.3991368368652957,-0.9050188927556428,-6.013584473121177,-1.9365212991790404,-9.708691261002548,-22.37640793053864,-17.254752936153942,-10.91346832209621,-16.29840834653266,-204.61552305442092
18.24157696894734,-13.292989090853354,-4.928687251055356,-8.708701726452382,-9.242295909757235,-5.8377457965425394,0.34770392286469365,-12.840701336056155,-6.651721743200531,-12.190130023870424,-9.334569713920793,-9.167954995739107,282.79539045613444
-6.183822265029082,-14.442007096471176,-9.82494791644956,2.880292509303416,3.8043795728242786,-24.177593373929042,-7.2621170573438665,-2.8594355183560864,5.548265155137928,0.9759549324172418,-10.297006580094106,3.5878431162092337,-190.3156667991332
-15.469538853097314,-8.736616180170682,2.100581944634481,-3.2612137031248225,-9.849462853897554,-18.705903705164378,6.229307380254069,-2.6571389128107734,-9.338119941227436,-5.080822558318836,-11.510644425068616,-1.577569395792307,-228.86258877299255
1.7620560159514707,-3.28980149920692,0.06966176879761399,0.3960980076279359,1.430095136023434,-10.5118605811173,-7.66980442548658,-14.935388895572894,-12.730532626889858,5.621865230571592,-10.45028965971762,-16.085816814132826,173.81863765971937
-10.073369070762158,-19.973764570744216,-3.473965803973649,-16.797714691943398,1.508452431552985,-21.582442695648318,-2.6520573549667814,-3.259702910694874,-25.302861918454738,3.75616904351004,-9.967366136944413,-13.160065115918425,-981.0072448519311
-22.560522293851335,-13.147513143347282,-4.306508756732114,-12.699619798116725,3.8441510659286333,-5.9836875233077915,-1.2298302107933707,5.732142446572134,-10.001492778795512,-9.374087158470758,-9.71948633287492,0.32518797225177565,-841.5147003667809
-13.903099351628725,-16.338913967705256,3.0558714257553063,-9.449370067155927,-1.0391810319938262,-18.253133649897485,-7.243764341339353,-5.868984923173142,-1.7309168077564738,-12.04051215682321,-11.381157766070267,-13.45853967573004,-222.4959411763398
-17.92002823478669,-11.372614835010904,-12.928778900185517,12.575985549210685,6.708724384171751,-2.33955830325368,-4.431307237504329,-9.675680634842575,-1.6058385460669413,-0.6342457227418912,-9.207458631034322,3.1277067840466444,284.87684624165723
-21.100526082226537,-12.336919579091838,-6.346041456375007,-4.287934197449323,8.375740925062448,-8.593581960514,2.938474065262896,-12.881722378388469,-14.883891948462459,-10.693803654336453,-11.524673991937975,-6.270200641131581,4.886533063161409
-7.504693659641157,-4.931905544339924,-10.339053395852178,-8.218043420591238,6.199226838878206,-14.347509269062954,-9.06796123155263,-5.457722250699482,-6.282521448241683,4.145165758149849,-11.190848338350111,-14.003413024785246,-377.9444186558996
-6.119700525782097,-3.8283006707256764,9.813780649552225,7.487416186379594,7.438778661553448,-12.492178653820375,-4.647892846017617,4.689755056316251,-17.43418151632363,-17.424941157500633,-8.84349091244777,-3.753334429118806,-702.2664483648483
-10.923280882636554,-11.28445280665228,-6.837692964817815,1.9495975006681956,-7.8404794002396265,3.504327958428661,-4.327931510455723,-10.318666038124503,-0.1691837384525119,-9.900474755543401,-8.473682160133498,-15.767645727020614,407.969829541878
10.8913721195077,-10.852109904739317,-6.877488899996175,-4.2871799653639915,-5.112233022710941,0.26292937478940814,-7.781211469926662,-3.045438870830089,-2.555669363043915,-6.543058019974979,-9.444694062995719,-17.936062539008088,-92.8502459934611
-5.629627351432748,0.30302047113138464,-13.62449369114163,-5.837602399168716,7.370271438202288,-10.586975763910434,-3.0890296357305234,-3.547545068343729,-5.701399105362034,-3.6434883977107173,-9.421841074462797,-7.006671228844079,-303.9958781457658
5.054582312798754,-11.32049509942843,-1.5404143050478298,-7.293411782406851,2.238148071835356,-20.130988858337837,-1.3709358207655962,-15.403793407113817,-18.632266538280916,-13.733887605639616,-9.798071864641372,-8.817081470565727,-77.62542155506924
-17.266501107775127,-9.442801954022993,-10.519831214667766,-11.615163860599322,-1.200245510468887,-20.12267967887641,-8.223783625338118,-7.093449851451608,-18.68638648311613,-4.03901806608471,-9.811349046117886,-13.396498170551737,-680.4506571855434
-9.419580588643692,-9.570941061517294,1.2020053456853503,10.431771588548855,-10.03906382388373,4.101593024387979,-8.399412814946064,-8.219132638245364,-10.39364397540715,-15.635090955918793,-10.360135402139749,-8.357904136238373,184.36462898042072
-4.397135820228985,-7.043764201526127,-5.8134508851506,-7.755455688043051,9.589191169947,-10.530777051699353,-4.29245697858039,-4.262106821170429,-2.449799378986066,-2.0442115381065333,-10.064081534032043,-9.102791777595838,-217.55649072579575
-8.28225555635903,-0.18886442336852483,1.4721730741421934,-9.207707205987184,6.071703462008156,-14.982278079003063,-9.925495340268295,-8.143057761452983,-13.175696850613733,-15.687217506430962,-12.205267834693977,-19.085442706515856,-355.8516636709761
-12.01876453184964,-4.999414065095292,-5.747659141646958,-0.43277716868145166,4.2107671460699265,-13.204982398703095,0.21413136479636075,-1.8387458892950583,-8.906939276350302,-17.96005938461746,-10.206576042787546,4.671733255978165,-347.9394936108434
-31.468558715199165,-13.068825864984914,-6.136719935316237,-3.283677095949669,-3.447613827123914,-22.641291492997247,-5.946873293562577,-5.440988849070734,-10.117577577777752,23.258069825028464,-8.771302133912064,-17.393845548203302,-447.94274351038587
-16.02345892963062,-1.8435450591636515,-0.2094119392057987,-9.18921563581063,-9.769669629102118,-13.783989329427406,-4.05447144073974,-9.623176728910115,1.6020462978241667,-1.7252853635975622,-10.011312050503859,-12.886790020195201,176.982291786348
1.003849898222244,-10.551034863743544,-1.7761130320883698,-0.1339672062868429,10.29708503305386,-15.525956190168444,5.30304294202846,-4.850671842786296,6.009022207872823,-16.19491670743168,-11.033089786224664,-2.8159986566580955,202.37742870748698
-1.7646845035074712,-1.764633179865604,-17.58521026655357,-8.430852249198912,7.581343858201821,4.293358402853801,-2.408379291955826,-9.187615829249015,-6.449195310568821,-7.393172439137479,-10.101248169257582,-5.6874707287707,36.20023727300242
-2.0592981484340243,-6.950215988617419,-6.924256914851467,-11.446676243845829,-0.9322327294095887,-13.057159771021476,-3.7034354911234453,0.5402289573924506,-9.604292710454416,-7.039128729178774,-9.841385882842177,-8.735439000692885,-616.6579189811944
1.6134241652051298,-10.58711534906705,9.24871532918931,-3.4258310380119577,-9.904822435907835,-15.45331387969139,-2.467521228288779,-15.502222247814512,-5.034997797091615,-5.597901861853272,-9.6667258873469,0.08480433680047561,418.5774633442048
-3.7552204235695585,-10.599077653065816,-10.593784636925331,-11.643468937144531,9.231917215060228,-3.265301859395853,-9.734304304590104,-7.482066298278389,-14.391235515633877,-17.628583003200887,-9.733407166738084,-5.287069601827628,-445.14503348535254
-1.772912065525631,-14.191331387327876,6.900116308130308,-0.1855734215528635,7.877181858406329,-17.170633947367858,-6.828395242781202,-11.926972872650774,1.1869673072075262,-14.803567725322091,-10.921016887451284,-2.265220099850837,256.385415654798
2.2468089657292225,-2.3223687271753484,8.45148442426857,-5.773791956386836,1.0188766949561754,-6.066738536980708,3.992232773598565,-3.1828984306456083,2.9587397375711095,-2.9189223146311187,-9.166030069042854,-11.178612581169084,200.8789150025139
-29.411384226209165,-0.751379351397885,-15.775771064733421,7.35853360407091,3.5653765703900913,-24.463700351618535,-1.3075555762550495,-0.9827122697361066,-8.83826861260168,-0.5767962943031764,-9.834589557926341,-10.100763873070743,-489.6142198141461
-27.69910636519688,-7.032509728555798,-18.89335462342457,-1.0727973996810523,-0.4550965736947532,-22.995552092591595,-0.3049834634916637,-5.454270162898542,-18.888742177188348,-28.040097687757626,-10.470466688276295,-8.62608431037689,-609.116641653394
-17.750003353062326,-14.528722085532772,-9.004031550141175,-5.40610333967221,10.50277005546619,-3.295662610344202,-1.0291733986071452,-3.7846575084118403,-3.7844477608706164,-1.01240921059322,-8.42793245528015,-12.04459429553538,-190.80112502084552
-2.0180774219960034,-9.895588520549811,3.4246443564968825,-5.4522186201107266,4.050863083082401,-1.4018537189660627,-0.5243859701821556,2.9320498134095203,-4.296611600265586,-10.760005974522079,-10.172795014709596,1.405838270145388,-346.03731715021775
-9.12152732586781,-8.100182468171115,-5.988532990711575,1.3369077931061915,1.6237020494413295,-9.105211511536066,-2.8498631059424007,-1.9434779571271026,0.5036114417242334,-3.274163140921887,-8.067078383129372,-10.954825039599298,-89.23476308270311
6.42282202252191,-4.6062474568631195,-7.9856307693307995,3.9814533955249143,2.811334474282998,-22.56792172975794,-0.9985499644598166,-3.815287572526655,-10.392224511207449,3.842967036080026,-10.954688319697961,-0.45317204618112505,-320.43084432030395
-21.941324892389833,-3.8478248187014508,-23.333467373465734,-6.160301521725447,4.562302307733583,-5.058962956046291,4.8195276214266505,-9.455726541543187,-25.987499213233342,4.429943292344273,-11.880131811195968,-4.675535838428891,-427.5947344785786
-16.478556281466897,-8.053116309968011,-23.90132856427632,-12.006451383812458,7.544427362112028,-0.6936542826621181,-6.384549611888582,3.1185181940792894,7.460615117968938,-15.372686243375428,-9.313349055763215,-13.521967553490725,-429.83600818998866
-17.360377432174566,-13.710459840945166,-11.692047479866265,-2.4204053800435132,-7.574559204037731,-2.6262465206479098,-4.7509350792903104,-10.205042011743508,-3.2518643455885146,-29.903680482347866,-10.469697836205706,-8.866098006403465,153.13127272860996
-15.600507985042306,-8.653713674480862,-14.355979022070333,-9.966813547131995,1.862817168702871,-9.6142687293493,-4.471551304569818,-5.497720829047347,-12.283105689236443,-11.340387230790697,-11.049993952714399,-11.727792983061164,-450.2590276934894
-3.694438759398156,-3.6582812150112938,-15.485282963046437,-13.696569583944992,6.084511365895347,-7.349813016008633,-10.397277768084276,-7.4900621943318395,0.13667986326523618,-26.400318779174597,-10.482878593913934,-4.31021492462947,-182.8564129193605
1.585939869709371,-2.9886488753275904,-10.937653918686134,-8.411974200157141,-0.6354031261770654,-9.437436290221106,2.2759578865954806,-4.80596468114023,-0.19959010672323174,-6.305948596585508,-9.470983110413519,-0.6002743644778583,-16.334886452431927
-16.244637392769093,-12.193508238912738,-0.9654580513759425,-12.63097953493745,-1.1935226246838515,-5.860441122459534,1.6287190598018606,-18.781276771289765,-3.967561195671581,-5.032578714200448,-10.027726098335583,5.58819415923262,494.8240488898339
-8.06333837413533,-10.659066698052705,-18.79024719512071,3.8982159270010808,-4.582505289012238,-4.520379357829335,0.28076014488811385,-10.402619195809505,-11.100897664032827,-1.7867562997656217,-9.975257333564072,-14.029364326797705,98.11890593544382
6.272096549394856,-12.424571706275522,-13.398867419567047,-10.761375541582861,-3.5590640181415747,-7.996472554992241,-2.532309656568892,4.825639530584354,-19.655285139113676,-9.641129897005355,-9.170961661795166,-9.092921331967794,-993.8217161723161
-21.05827065265558,-15.8832127278444,-6.770174157986491,-4.803984789184405,-6.817963610448962,-21.537419026924574,-3.41420905334933,-13.899587206773397,4.697549557853391,-2.8236809872652655,-8.38408106625751,-9.367710944671675,323.3985256650605
-14.691431644699692,-1.486279103182083,-33.317561525697606,-2.2320350261822237,0.8542058868727282,-18.254033752417968,0.6307171687209427,1.5799025582731154,-12.746490488980232,-3.388183620008494,-11.474821581780471,-0.03375918046259496,-798.7457001089238
-16.37107210688499,-9.839716837031464,-8.148853711270817,6.72307274748089,2.099556079583813,-15.693249137008095,-7.11636714054893,-16.0568228463029,-1.3778878076253926,-6.534693792830938,-9.26950596545095,0.184291198316048,388.676322595264
-18.26593715291338,-5.24692325151526,-14.466104116190435,-0.700093282413059,-3.6762378828377544,4.653786949432323,-0.8608929342028797,-12.816756856707462,-7.241764808369964,0.28927161577197147,-11.219117705982812,-5.93423836036483,320.8733779031144
-6.768750804714371,-13.586612123858128,-3.383331354239815,-15.967976370424134,8.041549780413497,-7.595981599836808,-3.605461512779925,-16.467792775743984,-16.035943594560003,-5.767061150456959,-10.635485498298817,-6.146895900097324,-43.85936674290047
-13.768266925464417,-7.174036856530183,-11.833070769721502,-2.7568355733494725,-2.396072935567391,-8.17844014443107,-3.2893990198026835,-10.593051813815283,-9.02977252698899,-16.294859930164506,-11.374776675201998,-4.077600797544092,2.216357471270631
-1.3743388916110604,-11.13091125270146,-3.9034905316983766,-8.554502189933855,2.831987601251729,-0.4451225249257522,-5.581079429562063,-12.385531231885508,-21.249529697920792,-6.59080860174614,-10.58505453676896,-22.903606441423747,-168.36994973357264
-21.18133617063105,-5.311106827448078,10.883059447062301,-7.202588552343366,7.549649749468438,8.653259383650092,4.002704976359397,-10.885561662783182,-12.300916070455825,-10.669807804804256,-11.225465161444612,-1.3574607955592404,249.3889248569508
-5.607772998685355,-5.41770690009505,2.6011146796623983,-9.95714420701507,0.5598210105941068,-7.136101654473764,6.526228963829281,-5.062313433198107,-6.52424840812831,-11.820417664927875,-9.467298392185963,1.4661969360061455,-22.830035124010774
-5.046230562977355,-16.939920943036764,-10.960291783866047,-7.21083506778977,5.099296249790061,-1.214775534744204,2.4412358953157165,-9.751259719098085,-2.1312066399638043,-9.619122243520161,-11.161723197840375,-9.205714956208173,195.00590647235114
-13.73716374727515,-5.482839366829395,-10.867779051488247,-7.052178700168489,4.756168142776831,-2.3089134698661864,-8.605129856637394,-3.779709917122616,-10.730888513387157,-0.9986543804936421,-9.765456051361246,-5.667392826825692,-433.7798496951218
11.972526493160803,-11.434272216401196,1.2811600073001967,-8.624289211741852,-1.0664506890297023,-21.732065101866983,-1.4743182781514872,-8.885256565529552,-5.872651985323702,-12.202804047206172,-11.507253840461555,-10.252401077836101,-62.115093698456235
-12.212658207629143,-11.75300133051708,-7.577669343568955,-3.3339407713128475,5.918688250154604,-19.625620849093014,1.3034125076685061,-8.28208697166634,-4.8738490296605335,-12.02527220263136,-9.1697086116071,-6.518422895852199,-75.89101250950898
-0.5166512470149343,-1.918424773135694,-3.769193059108288,-6.49436214997959,-1.753008324577742,-15.259803221822981,2.890630105185715,-16.6474058276896,-16.322243606918246,-17.575608413572482,-11.57253453030389,-13.372213490412221,183.10840396830062
-5.510556347993827,-14.70430492977274,-11.632757351562212,0.9620316570504155,-5.861238743178617,7.796675463585061,-6.137104507936661,-2.3216649470967745,-3.3857828271608144,-24.912608441384133,-10.003522699070329,2.7398436757969105,-75.39759662844023
-19.395179459341065,-1.3728973682634669,12.820666975118925,-0.06527397579524852,-13.129937253220259,-9.200388363880249,-0.9801542046799718,-2.422355453042332,-16.860731451239097,-4.101492837178787,-12.94657337634903,-6.967420325924165,-287.05042718218846
-21.445199948213094,-5.5487658049896025,-3.229830384560029,-4.813565510340144,0.83925484853548,-6.417655670628873,-6.558308385549319,-8.17638477492535,-6.704485189905514,-7.897731194434852,-8.657156489943006,-3.533087816667064,-86.09242865576003
-14.641909689127965,-10.396287938409852,-11.781490758556988,-5.267396265313815,12.226421108507026,-8.31280058251981,-4.166025793919639,-5.8112582364492065,-9.402512178204761,-10.895704990387372,-9.35614431080444,-16.83254300659557,-323.9758075657668
-9.351084717877692,-14.418049774047839,-5.564786846101606,-0.6921455474467413,-10.946012736593023,-10.679967910278858,-15.479497335804394,-2.760165380130905,-21.835672147164807,-11.652839990198371,-10.128763656831742,-5.024115110360336,-767.6027190593016
-14.68858738902431,-12.47833268686395,-12.021935401737018,-5.030438050746852,-10.935039297840326,-12.511257033286011,-6.4873796307223,-9.65701603076805,-3.804273576926361,14.882374077448759,-9.101109180581647,-13.074047991961336,-16.096772247659025
-10.732019745632279,-1.9240106863483692,-17.915344399472282,-9.121046955329854,-0.9409970738633191,5.003787370502479,-8.213900920320318,0.3921840043358067,-19.210285779839154,-10.082351243322876,-10.12516828012342,-16.73821824506667,-751.9791006652325
-7.193807852349321,1.1808735101104233,8.340689128418687,-10.347627276466804,3.327961133407096,-12.670834141311836,-0.7995290406526387,-4.68919247108994,-13.2876610892635,2.0229313616021347,-10.94982141047696,-9.198979817190029,-318.9427863684529
-10.763363006441264,-3.2973913572589852,-2.9733604214545073,-4.350137799468453,1.6713733988772348,-2.17884103684297,-3.0379924184298996,-2.1876756099404524,-20.043119691946682,-12.250137484863924,-10.246930165575126,6.9843413321375305,-539.8134713449497
-16.044978990167007,-15.496416237864342,-12.688131704560268,2.511091564788603,-3.920268194524247,-5.198683543645296,-1.633101501654656,1.3385406121150893,-9.778278948688744,-1.7805479931089874,-9.595975800421224,-9.0151859926997,-456.5534828895198
20.916758737595984,-7.872077277900734,-17.165669975358924,6.351987184143695,-1.737537043651633,-4.330330916069485,-4.691486960270783,-5.827857894442932,-7.375227501732634,-28.923714279500935,-10.414196857347253,-8.96075079979923,-9.195205178876389
-21.42032763792801,-22.347129673753383,-12.449117748436645,-10.667960653939682,-2.52681868977617,-22.440697397126733,-3.4122624590707282,-14.187466538451964,-8.317021017302022,6.852298711184051,-10.89133753004564,-6.188561831788307,-121.0397699215453
-19.37083610601065,-4.435178297118387,5.047732337269569,0.0008399393888378626,-10.804786239265292,8.668207055924114,0.7017339779409402,-15.614866130388407,-7.613467683286354,-17.522476509256833,-9.848979002483166,-7.716825171788026,656.3229585722913
-10.93086504744719,-1.26443794747804,-0.840663465337852,-8.489456608380054,-7.9582238181300475,-9.069374984027343,-2.64233827585484,-18.478317219993478,11.372389671892602,0.886573921612543,-9.040730676281397,-10.093453512406565,873.8201260559879
11.227077008109962,-13.429154862086559,4.344345590239625,-8.125981467918136,-4.054824284408035,-3.9506455268570697,2.1754523395743064,-17.251419754137082,-10.982829035230143,-7.231597922120488,-9.500690757191903,-10.167486195835597,458.862148743376
3.410200994134062,-15.676448813119354,-0.5337199714042571,-13.102803216468576,3.416156512412104,-17.04707791048203,-3.355954276778031,-10.715307301573649,-19.46620689278071,-9.673491041575273,-7.955110382041368,6.09629265168285,-399.53172013972534
-16.788809107247488,-11.082227673780164,-9.117807061173828,-12.445002897821013,1.2106773452920896,-6.632106041417572,-1.9022941789094574,-7.455935649117127,7.910476891621201,-8.882298035471685,-10.096324016758633,-4.985039047473297,158.06467143252772
-4.831642697663872,-10.997864614378026,5.3057943679573665,-8.367393996464697,-14.273595462132107,-14.19675932464828,3.328084207254233,-2.3789811535763716,-2.79125099836605,-1.0109126751373738,-10.204545211415118,-3.289102754600256,-95.51867168816075
-4.463536612441786,-10.746644236366894,-0.1322856589423269,-3.70546761179826,-12.804936197100012,-24.124667718370826,-2.7963271194601713,-5.453262193700904,-4.026457435888055,-6.114471532607549,-11.234114658946304,2.2523340948613555,-164.4214950194653
-20.38925501880817,-6.2841805700573,4.1692792448986165,-1.147166714829619,-4.655796854031037,-3.344761108805635,-6.413450280713578,-21.035227437007585,-27.346805899311732,-29.513657434319494,-10.488574322198449,-0.7206685388405418,162.92811792491506
-3.1796019986688844,-12.761148225543305,-10.063242060406868,2.5641126811463124,2.114821778388308,-7.498094090633373,-0.4521027102980817,-2.4439209860097613,-9.833584699040674,-21.770083289426633,-9.16142732741742,-4.581947560573823,-275.1280632426513
-7.8136647874404765,-3.746439655002453,-1.4597971287241913,-15.018669537780841,-0.17974958631880456,-5.0342853402467735,4.760192578824058,-0.7083496873891075,-20.057369868766976,0.849328012997697,-10.16215388628679,0.10729956535398699,-620.7065545867108
-24.255078497529247,-22.71684433743595,-10.288280354411562,-4.752597850450176,1.8753939210434356,-22.778724761380342,-7.714167345844046,-20.22310561547035,-7.721359835287824,0.031223771902810782,-10.976562174977122,5.3743752424830475,141.15116359069475
3.36611527939964,-15.658442246804421,-8.187036590269859,5.106464659051582,3.947687972354025,-7.029786364923591,-4.475922139301346,-1.3177202747900392,-9.369131595985422,-18.463133309903945,-9.024819569462352,-5.018627261456497,-331.69537311527887
4.490917034537027,-16.783093028830333,3.6838953783563024,0.5861150243782856,-0.1849918107203008,-17.206361217995727,-3.5701998165032585,-5.526493154108392,-13.232767976548073,-17.539250907339223,-8.706792327845609,-0.1670651870050559,-290.48899845047123
1.435198824852078,-5.633832590653967,-4.187092131464856,-1.1707536450500342,5.519486670767294,-5.784901312157743,-5.916882075930658,-9.710955675605941,-1.7949016980741224,-17.119941097218025,-9.491222372881186,-0.1752877642402888,179.03790909095918
-3.5286770104402363,-7.168522134456781,-18.219610627705062,-5.3198031585500765,-1.0615798721608556,-4.639813666039243,-3.93241597208322,-14.005312676368728,2.6284318957791974,-8.525431376510324,-9.982387192370174,-0.12432762319303503,390.0427339697382
-0.272220814416702,-6.8772493863917195,-5.258910587335044,-8.289870633442,-5.478051844245989,-0.9207789548363721,-2.773078176616764,-3.9103666298541135,-15.707550617539102,3.8526767749986934,-10.233311216584228,-22.334445168393273,-343.60098296049574
-5.616272765992008,-13.732870141595887,-9.348170871564081,8.786399906511502,-4.904744237173114,-10.65701637634609,-4.172184915018764,-14.08748795186131,-13.168329626512755,-3.8908202778757683,-9.828798936727456,-2.140320018340133,184.7056041193631
-9.220168714096257,-4.848150323090051,2.9001846443985713,-6.981529202146891,-4.113122123055632,-19.41754615572087,-6.382773868221577,-9.110229931907789,-3.4298468024111006,1.6947280339394712,-9.483843747863789,-16.839962814275374,-22.880991255826082
-8.801959645607216,-11.294855007985412,-7.945523474298726,4.351886383196254,-6.173277319688227,-26.96403756057185,-4.7523884172172135,-9.769654638739613,-6.823850891709938,0.2534478536060085,-10.49382501374726,-6.533163892800809,-70.01116027560515
-14.542650699226826,-6.018682956882452,11.259532005338961,-0.19790153378055653,-5.353967310109334,-13.418766171016312,0.29794150329563074,-17.032780377441306,-8.934522594978334,-5.279744120650762,-10.443258868359381,-3.854149961086204,481.44678401568774
-18.328630401222007,-8.620334983702012,2.6731078284323733,-6.04898749351251,9.035393004326679,-7.257212360815793,-7.838734950635685,-8.477116864516079,-6.221172426816357,9.127054754232333,-9.716346390832534,-15.760774840206416,-86.87861458355161
-3.4564882598076405,0.007832779138249535,-0.7322815898740389,-0.15771935570681084,0.8578232038525186,-7.143856377551707,-7.473858882633261,-2.5536781132864244,-6.889237088719098,-4.869512568726215,-9.211814630432226,-4.97285365033866,-234.48626137910043
-13.49757838572356,-8.955018750419224,-10.251044198832677,-11.569297684028612,-3.63116048266,-11.773620318302624,-6.996166277588324,-13.015147281312657,0.06552046416365265,-9.05759032553997,-9.447107632393795,-11.536555055033952,141.35585358336206
-4.146139130553186,-7.405647370770905,-7.617058184095568,-0.5064157468915851,1.756837597053143,-16.562277214634847,-3.491368911867359,-15.047287782314665,-7.787261943912415,-0.4787015815845068,-9.552016658229338,2.258396946994269,192.2379307306229
-5.911396565765893,-11.47301662377463,4.226457192475424,-4.985092026317069,0.3371087818229941,-16.436707633155404,-1.9859614058584438,-11.49661793689133,-12.007406232482108,5.2683886076565045,-10.09942803582782,-4.87611530101767,-23.146906543876174
-13.408456622804286,-7.76207850023273,-6.225180605378875,-2.7757329700004414,-5.708273987544376,-3.7235268925766967,-2.2283541185765787,-6.409223432988155,-15.229816902888828,-20.900176808188412,-9.09614870604005,-13.31241450041142,-208.95960849965547
-22.076110481812,-7.976614488621413,-14.67653551001965,-5.538881826302997,-4.444552913392119,-23.37885707042949,-3.933359785080251,-9.051686269943218,-0.1544700563039978,-8.295724949580404,-12.306178346579202,-6.552042775285393,-81.78292952605035
-9.713189467576147,-6.416932329899587,-14.977336052198506,-5.815092251264436,6.051164739544991,-12.96098384534768,1.3222259095053097,-18.236368445479208,-3.723411984590588,-21.210103548082948,-8.810751550108867,-5.773362931922415,411.4726224515381
-19.662859532243793,-5.71753267865091,-21.681519170720282,-5.09292025839439,-2.1385772559151635,7.795990158527989,-7.4987672777969285,-1.573937511200615,-9.577957074095817,-4.1394047585254015,-12.051565873354601,-6.595480019661572,-412.7389875585452
-9.309887379935478,-8.067930902521097,-3.7311056366873494,-1.1954456554535962,8.576006829657947,-13.298540269791635,6.074230615100898,-9.112041595376663,-7.010942273120373,8.04893152204324,-7.58514078599444,-2.5834022571380135,96.81713874343527
-13.754949412993867,-14.812572385918637,5.73774268468299,2.9931537294076467,-9.083089034332392,-15.360585249410116,-7.774093260907891,-4.787381948611173,-8.265594099404778,-4.571931012597435,-9.50046340284361,-6.778600174858038,-199.74992022547121
-18.35152358992199,-11.582834446497227,-9.26816595584489,2.6304425221527126,-13.163066086290009,-11.0064000634172,-5.550712147325091,-0.9950185498026656,-10.526059828987535,-0.4140124696965053,-9.3584482485355,0.08632995671081822,-427.8119292703763
-21.244965552461114,-7.870672771194494,-6.112803693584911,3.879725507786862,1.9589840163333831,-6.953950097348867,-3.165229679301765,-11.123884092789407,-15.3490956075617,-13.687885337550412,-9.529975887764362,-1.8528855976611416,-25.678644245501772
